date,entry,mood,tags,day_of_week
2025-05-01,Traveled to a new city and explored local spots.,8,exercise;travel,Thursday
2025-05-02,"Wasn't feeling well, stayed in bed most of the day.",5,work,Friday
2025-05-03,"Went jogging in the park, felt energized.",8,health;family,Saturday
2025-05-04,Stayed home and read a book.,8,health;family;study,Sunday
2025-05-05,Stayed home and read a book.,3,study,Monday
2025-05-06,"Went jogging in the park, felt energized.",9,exercise,Tuesday
2025-05-07,"Met with friends for dinner, lots of laughter.",7,study,Wednesday
2025-05-08,"Spent time with family, had a nice dinner together.",7,travel,Thursday
2025-05-09,Had a productive day at work and finished my tasks.,8,exercise,Friday
2025-05-10,"Wasn't feeling well, stayed in bed most of the day.",8,exercise;friends,Saturday
2025-05-11,"Met with friends for dinner, lots of laughter.",6,family,Sunday
2025-05-12,"Went jogging in the park, felt energized.",3,work;health;friends,Monday
2025-05-13,Stayed home and read a book.,8,exercise;work;travel,Tuesday
2025-05-14,"Met with friends for dinner, lots of laughter.",7,family;friends;travel,Wednesday
2025-05-15,"Had a quiet day at home, did some cleaning.",9,hobby,Thursday
2025-05-16,"Met with friends for dinner, lots of laughter.",8,exercise;friends;travel,Friday
2025-05-17,"Wasn't feeling well, stayed in bed most of the day.",10,friends;health;study,Saturday
2025-05-18,"Spent time with family, had a nice dinner together.",10,friends;family,Sunday
2025-05-19,Stayed home and read a book.,1,study;friends,Monday
2025-05-20,Traveled to a new city and explored local spots.,7,study;hobby,Tuesday
2025-05-21,"Spent time with family, had a nice dinner together.",7,travel,Wednesday
2025-05-22,"Went jogging in the park, felt energized.",7,hobby,Thursday
2025-05-23,"Worked on a personal hobby project, made good progress.",5,health;work,Friday
2025-05-24,Stayed home and read a book.,9,work;friends,Saturday
2025-05-25,"Wasn't feeling well, stayed in bed most of the day.",8,health;study;travel,Sunday
2025-05-26,"Wasn't feeling well, stayed in bed most of the day.",2,exercise;friends;study,Monday
2025-05-27,"Spent time with family, had a nice dinner together.",7,health,Tuesday
2025-05-28,"Wasn't feeling well, stayed in bed most of the day.",5,friends;health,Wednesday
2025-05-29,Had a productive day at work and finished my tasks.,5,study,Thursday
2025-05-30,"Worked on a personal hobby project, made good progress.",9,exercise,Friday
2025-05-31,"Met with friends for dinner, lots of laughter.",7,study,Saturday
2025-06-01,"Went jogging in the park, felt energized.",8,exercise,Sunday
2025-06-02,"Had a quiet day at home, did some cleaning.",5,family;hobby;travel,Monday
2025-06-03,Traveled to a new city and explored local spots.,8,health;work;hobby,Tuesday
2025-06-04,"Had a quiet day at home, did some cleaning.",9,work;exercise;family,Wednesday
2025-06-05,Stayed home and read a book.,6,family;travel,Thursday
2025-06-06,"Wasn't feeling well, stayed in bed most of the day.",7,friends;hobby,Friday
2025-06-07,Stayed home and read a book.,8,work;friends,Saturday
2025-06-08,"Met with friends for dinner, lots of laughter.",9,family;travel,Sunday
2025-06-09,Traveled to a new city and explored local spots.,2,health;work;travel,Monday
2025-06-10,Stayed home and read a book.,7,family;exercise,Tuesday
2025-06-11,"Studied for upcoming exams, feeling a bit stressed.",7,exercise;friends;travel,Wednesday
2025-06-12,Traveled to a new city and explored local spots.,5,friends,Thursday
2025-06-13,"Went jogging in the park, felt energized.",3,work,Friday
2025-06-14,Had a productive day at work and finished my tasks.,10,hobby;family;friends,Saturday
2025-06-15,Had a productive day at work and finished my tasks.,8,health;travel,Sunday
2025-06-16,"Wasn't feeling well, stayed in bed most of the day.",2,work,Monday
2025-06-17,"Had a quiet day at home, did some cleaning.",3,family;work,Tuesday
2025-06-18,"Went jogging in the park, felt energized.",9,friends;hobby,Wednesday
2025-06-19,"Had a quiet day at home, did some cleaning.",7,study;family,Thursday
2025-06-20,Traveled to a new city and explored local spots.,6,family;travel,Friday
2025-06-21,"Went jogging in the park, felt energized.",7,hobby;exercise,Saturday
2025-06-22,"Wasn't feeling well, stayed in bed most of the day.",9,travel;work,Sunday
2025-06-23,"Spent time with family, had a nice dinner together.",1,study;work;travel,Monday
2025-06-24,Stayed home and read a book.,8,exercise;family;friends,Tuesday
2025-06-25,"Spent time with family, had a nice dinner together.",9,exercise,Wednesday
2025-06-26,Traveled to a new city and explored local spots.,8,exercise;travel,Thursday
2025-06-27,"Worked on a personal hobby project, made good progress.",7,hobby;friends,Friday
2025-06-28,Traveled to a new city and explored local spots.,9,friends;travel;family,Saturday
2025-06-29,"Had a quiet day at home, did some cleaning.",7,health;study,Sunday
